{"cameraMode":{"drawMode":0,"name":"Shaded","section":"Shading Mode"},"sceneLighting":false,"audioPlay":false,"sceneViewState":{"m_AlwaysRefresh":false,"showFog":true,"showSkybox":false,"showFlares":true,"showImageEffects":true,"showParticleSystems":true,"showVisualEffectGraphs":true,"m_FxEnabled":true},"in2DMode":false,"pivot":{"x":-2.4700000286102297,"y":6.190000057220459,"z":-1.4901161193847657e-8},"rotation":{"x":0.3064889907836914,"y":0.22557644546031953,"z":-0.07497350126504898,"w":0.9217478632926941},"size":0.24494889378547669,"orthographic":true}