{"cameraMode":{"drawMode":0,"name":"Shaded","section":"Shading Mode"},"sceneLighting":true,"audioPlay":false,"sceneViewState":{"m_AlwaysRefresh":false,"showFog":true,"showSkybox":true,"showFlares":true,"showImageEffects":true,"showParticleSystems":true,"showVisualEffectGraphs":true,"m_FxEnabled":true},"in2DMode":false,"pivot":{"x":-0.9011263251304627,"y":1.5246493816375733,"z":-9.236098289489746},"rotation":{"x":0.3064889907836914,"y":0.22557644546031953,"z":-0.07497350126504898,"w":0.9217478632926941},"size":12.12435531616211,"orthographic":true}